Name,Address,Gender,Designation,Age
John Smith,656 Edsel Road Sherman Oaks CA 91403,Male,Manager,40
Clara Berry,63 Woodridge Lane Memphis TN 38138,Male,Programmer,22
Barbra K. Hurley,1241 Canis Heights Drive Los Angeles CA 90017,Female,Service technician,26
Antonio J. Forbes,403 Snyder Avenue Charlotte NC 28208,Male,Falling,32
John Smith,656 Edsel Road Sherman Oaks CA 91403,Male,Manager,40
Clara Berry,63 Woodridge Lane Memphis TN 38138,Male,Programmer,22
Barbra K. Hurley,1241 Canis Heights Drive Los Angeles CA 90017,Female,Service technician,26
Antonio J. Forbes,403 Snyder Avenue Charlotte NC 28208,Male,Falling,32
John Smith,656 Edsel Road Sherman Oaks CA 91403,Male,Manager,40
Clara Berry,63 Woodridge Lane Memphis TN 38138,Male,Programmer,22
Barbra K. Hurley,1241 Canis Heights Drive Los Angeles CA 90017,Female,Service technician,26
Antonio J. Forbes,403 Snyder Avenue Charlotte NC 28208,Male,Falling,32
John Smith,656 Edsel Road Sherman Oaks CA 91403,Male,Manager,40
Clara Berry,63 Woodridge Lane Memphis TN 38138,Male,Programmer,22
Barbra K. Hurley,1241 Canis Heights Drive Los Angeles CA 90017,Female,Service technician,26
Antonio J. Forbes,403 Snyder Avenue Charlotte NC 28208,Male,Falling,32